,Sample,Assembler,Reference,Reference Length,Gap Start,Gap End
0,ERR2984773,IDBA-UD,Bacillus_subtilis,4045677.0,38347,38354
1,ERR2984773,IDBA-UD,Bacillus_subtilis,4045677.0,175792,176221
2,ERR2984773,IDBA-UD,Bacillus_subtilis,4045677.0,209098,210188
3,ERR2984773,IDBA-UD,Bacillus_subtilis,4045677.0,214334,214775
4,ERR2984773,IDBA-UD,Bacillus_subtilis,4045677.0,233517,234505
5,ERR2984773,IDBA-UD,Bacillus_subtilis,4045677.0,371879,372844
6,ERR2984773,IDBA-UD,Bacillus_subtilis,4045677.0,642315,642716
7,ERR2984773,IDBA-UD,Bacillus_subtilis,4045677.0,645527,645722
8,ERR2984773,IDBA-UD,Bacillus_subtilis,4045677.0,725660,725983
9,ERR2984773,IDBA-UD,Bacillus_subtilis,4045677.0,801937,807094
10,ERR2984773,IDBA-UD,Bacillus_subtilis,4045677.0,1059688,1060787
11,ERR2984773,IDBA-UD,Bacillus_subtilis,4045677.0,1264968,1264988
12,ERR2984773,IDBA-UD,Bacillus_subtilis,4045677.0,1355251,1356330
13,ERR2984773,IDBA-UD,Bacillus_subtilis,4045677.0,1360714,1360760
14,ERR2984773,IDBA-UD,Bacillus_subtilis,4045677.0,1671463,1672558
15,ERR2984773,IDBA-UD,Bacillus_subtilis,4045677.0,1711704,1716470
16,ERR2984773,IDBA-UD,Bacillus_subtilis,4045677.0,1754927,1756015
17,ERR2984773,IDBA-UD,Bacillus_subtilis,4045677.0,2019378,2020454
18,ERR2984773,IDBA-UD,Bacillus_subtilis,4045677.0,2269570,2269572
19,ERR2984773,IDBA-UD,Bacillus_subtilis,4045677.0,2416196,2416837
20,ERR2984773,IDBA-UD,Bacillus_subtilis,4045677.0,2788937,2793842
21,ERR2984773,IDBA-UD,Bacillus_subtilis,4045677.0,2809484,2814454
22,ERR2984773,IDBA-UD,Bacillus_subtilis,4045677.0,2869749,2880456
23,ERR2984773,IDBA-UD,Bacillus_subtilis,4045677.0,2940281,2942443
24,ERR2984773,IDBA-UD,Bacillus_subtilis,4045677.0,2944001,2955700
25,ERR2984773,IDBA-UD,Bacillus_subtilis,4045677.0,3078198,3079296
26,ERR2984773,IDBA-UD,Bacillus_subtilis,4045677.0,3162928,3163688
27,ERR2984773,IDBA-UD,Bacillus_subtilis,4045677.0,3173960,3174452
28,ERR2984773,IDBA-UD,Bacillus_subtilis,4045677.0,3387420,3387439
29,ERR2984773,IDBA-UD,Bacillus_subtilis,4045677.0,3395419,3395433
30,ERR2984773,IDBA-UD,Bacillus_subtilis,4045677.0,3404451,3409162
31,ERR2984773,IDBA-UD,Bacillus_subtilis,4045677.0,3438941,3440031
32,ERR2984773,IDBA-UD,Bacillus_subtilis,4045677.0,3697296,3702471
33,ERR2984773,IDBA-UD,Bacillus_subtilis,4045677.0,3721686,3721768
34,ERR2984773,IDBA-UD,Enterococcus_faecalis,2845392.0,238718,238725
35,ERR2984773,IDBA-UD,Enterococcus_faecalis,2845392.0,386151,386207
36,ERR2984773,IDBA-UD,Enterococcus_faecalis,2845392.0,406467,406782
37,ERR2984773,IDBA-UD,Enterococcus_faecalis,2845392.0,464263,464270
38,ERR2984773,IDBA-UD,Enterococcus_faecalis,2845392.0,470357,470384
39,ERR2984773,IDBA-UD,Enterococcus_faecalis,2845392.0,539115,539703
40,ERR2984773,IDBA-UD,Enterococcus_faecalis,2845392.0,589401,589403
41,ERR2984773,IDBA-UD,Enterococcus_faecalis,2845392.0,742749,742753
42,ERR2984773,IDBA-UD,Enterococcus_faecalis,2845392.0,783195,783390
43,ERR2984773,IDBA-UD,Enterococcus_faecalis,2845392.0,920185,920188
44,ERR2984773,IDBA-UD,Enterococcus_faecalis,2845392.0,971609,971630
45,ERR2984773,IDBA-UD,Enterococcus_faecalis,2845392.0,1036623,1036631
46,ERR2984773,IDBA-UD,Enterococcus_faecalis,2845392.0,1071086,1071154
47,ERR2984773,IDBA-UD,Enterococcus_faecalis,2845392.0,1087371,1088605
48,ERR2984773,IDBA-UD,Enterococcus_faecalis,2845392.0,1089905,1092770
49,ERR2984773,IDBA-UD,Enterococcus_faecalis,2845392.0,1122074,1123391
50,ERR2984773,IDBA-UD,Enterococcus_faecalis,2845392.0,1158971,1158978
51,ERR2984773,IDBA-UD,Enterococcus_faecalis,2845392.0,1235926,1236018
52,ERR2984773,IDBA-UD,Enterococcus_faecalis,2845392.0,1280608,1281467
53,ERR2984773,IDBA-UD,Enterococcus_faecalis,2845392.0,1362089,1362296
54,ERR2984773,IDBA-UD,Enterococcus_faecalis,2845392.0,1363454,1367899
55,ERR2984773,IDBA-UD,Enterococcus_faecalis,2845392.0,1380401,1380680
56,ERR2984773,IDBA-UD,Enterococcus_faecalis,2845392.0,1391670,1391677
57,ERR2984773,IDBA-UD,Enterococcus_faecalis,2845392.0,1403646,1404819
58,ERR2984773,IDBA-UD,Enterococcus_faecalis,2845392.0,1405818,1405824
59,ERR2984773,IDBA-UD,Enterococcus_faecalis,2845392.0,1410029,1410031
60,ERR2984773,IDBA-UD,Enterococcus_faecalis,2845392.0,1438812,1439710
61,ERR2984773,IDBA-UD,Enterococcus_faecalis,2845392.0,1517677,1518144
62,ERR2984773,IDBA-UD,Enterococcus_faecalis,2845392.0,1537400,1537941
63,ERR2984773,IDBA-UD,Enterococcus_faecalis,2845392.0,1563327,1563817
64,ERR2984773,IDBA-UD,Enterococcus_faecalis,2845392.0,1573916,1574167
65,ERR2984773,IDBA-UD,Enterococcus_faecalis,2845392.0,1577260,1578582
66,ERR2984773,IDBA-UD,Enterococcus_faecalis,2845392.0,1579623,1579629
67,ERR2984773,IDBA-UD,Enterococcus_faecalis,2845392.0,1582509,1582531
68,ERR2984773,IDBA-UD,Enterococcus_faecalis,2845392.0,1623318,1623649
69,ERR2984773,IDBA-UD,Enterococcus_faecalis,2845392.0,1659944,1659948
70,ERR2984773,IDBA-UD,Enterococcus_faecalis,2845392.0,1685220,1685250
71,ERR2984773,IDBA-UD,Enterococcus_faecalis,2845392.0,1716976,1719198
72,ERR2984773,IDBA-UD,Enterococcus_faecalis,2845392.0,1805317,1812144
73,ERR2984773,IDBA-UD,Enterococcus_faecalis,2845392.0,1842882,1843407
74,ERR2984773,IDBA-UD,Enterococcus_faecalis,2845392.0,1881519,1881525
75,ERR2984773,IDBA-UD,Enterococcus_faecalis,2845392.0,1984279,1984289
76,ERR2984773,IDBA-UD,Enterococcus_faecalis,2845392.0,1997153,1997160
77,ERR2984773,IDBA-UD,Enterococcus_faecalis,2845392.0,2076319,2076747
78,ERR2984773,IDBA-UD,Enterococcus_faecalis,2845392.0,2090150,2090169
79,ERR2984773,IDBA-UD,Enterococcus_faecalis,2845392.0,2092499,2092557
80,ERR2984773,IDBA-UD,Enterococcus_faecalis,2845392.0,2122812,2123676
81,ERR2984773,IDBA-UD,Enterococcus_faecalis,2845392.0,2124794,2124801
82,ERR2984773,IDBA-UD,Enterococcus_faecalis,2845392.0,2135215,2135219
83,ERR2984773,IDBA-UD,Enterococcus_faecalis,2845392.0,2147414,2147434
84,ERR2984773,IDBA-UD,Enterococcus_faecalis,2845392.0,2163352,2163373
85,ERR2984773,IDBA-UD,Enterococcus_faecalis,2845392.0,2188383,2189583
86,ERR2984773,IDBA-UD,Enterococcus_faecalis,2845392.0,2196879,2196886
87,ERR2984773,IDBA-UD,Enterococcus_faecalis,2845392.0,2424652,2429790
88,ERR2984773,IDBA-UD,Enterococcus_faecalis,2845392.0,2448993,2449882
89,ERR2984773,IDBA-UD,Enterococcus_faecalis,2845392.0,2666779,2666787
90,ERR2984773,IDBA-UD,Enterococcus_faecalis,2845392.0,2679557,2679572
91,ERR2984773,IDBA-UD,Enterococcus_faecalis,2845392.0,2788235,2788347
92,ERR2984773,IDBA-UD,Escherichia_coli_plasmid,110007.0,40382,41119
93,ERR2984773,IDBA-UD,Escherichia_coli_plasmid,110007.0,96311,97424
94,ERR2984773,IDBA-UD,Escherichia_coli,4765434.0,14545,14612
95,ERR2984773,IDBA-UD,Escherichia_coli,4765434.0,15835,16493
96,ERR2984773,IDBA-UD,Escherichia_coli,4765434.0,28894,29305
97,ERR2984773,IDBA-UD,Escherichia_coli,4765434.0,133764,134081
98,ERR2984773,IDBA-UD,Escherichia_coli,4765434.0,136463,136674
99,ERR2984773,IDBA-UD,Escherichia_coli,4765434.0,141374,141494
100,ERR2984773,IDBA-UD,Escherichia_coli,4765434.0,199373,199495
101,ERR2984773,IDBA-UD,Escherichia_coli,4765434.0,233836,234252
102,ERR2984773,IDBA-UD,Escherichia_coli,4765434.0,274977,275028
103,ERR2984773,IDBA-UD,Escherichia_coli,4765434.0,322669,322725
104,ERR2984773,IDBA-UD,Escherichia_coli,4765434.0,342173,342273
105,ERR2984773,IDBA-UD,Escherichia_coli,4765434.0,358035,358610
106,ERR2984773,IDBA-UD,Escherichia_coli,4765434.0,399165,399231
107,ERR2984773,IDBA-UD,Escherichia_coli,4765434.0,446455,446457
108,ERR2984773,IDBA-UD,Escherichia_coli,4765434.0,455650,455881
109,ERR2984773,IDBA-UD,Escherichia_coli,4765434.0,458462,459892
110,ERR2984773,IDBA-UD,Escherichia_coli,4765434.0,467893,468002
111,ERR2984773,IDBA-UD,Escherichia_coli,4765434.0,487628,488286
112,ERR2984773,IDBA-UD,Escherichia_coli,4765434.0,492223,493225
113,ERR2984773,IDBA-UD,Escherichia_coli,4765434.0,494791,495182
114,ERR2984773,IDBA-UD,Escherichia_coli,4765434.0,496614,496616
115,ERR2984773,IDBA-UD,Escherichia_coli,4765434.0,497669,498579
116,ERR2984773,IDBA-UD,Escherichia_coli,4765434.0,506641,506745
117,ERR2984773,IDBA-UD,Escherichia_coli,4765434.0,513464,513862
118,ERR2984773,IDBA-UD,Escherichia_coli,4765434.0,532666,533240
119,ERR2984773,IDBA-UD,Escherichia_coli,4765434.0,577862,578435
120,ERR2984773,IDBA-UD,Escherichia_coli,4765434.0,677295,678445
121,ERR2984773,IDBA-UD,Escherichia_coli,4765434.0,695589,695612
122,ERR2984773,IDBA-UD,Escherichia_coli,4765434.0,758487,758868
123,ERR2984773,IDBA-UD,Escherichia_coli,4765434.0,762670,762830
124,ERR2984773,IDBA-UD,Escherichia_coli,4765434.0,841238,841249
125,ERR2984773,IDBA-UD,Escherichia_coli,4765434.0,907442,911295
126,ERR2984773,IDBA-UD,Escherichia_coli,4765434.0,912302,913706
127,ERR2984773,IDBA-UD,Escherichia_coli,4765434.0,927563,929535
128,ERR2984773,IDBA-UD,Escherichia_coli,4765434.0,930725,931270
129,ERR2984773,IDBA-UD,Escherichia_coli,4765434.0,954192,954735
130,ERR2984773,IDBA-UD,Escherichia_coli,4765434.0,1021326,1021643
131,ERR2984773,IDBA-UD,Escherichia_coli,4765434.0,1041023,1041646
132,ERR2984773,IDBA-UD,Escherichia_coli,4765434.0,1044700,1046133
133,ERR2984773,IDBA-UD,Escherichia_coli,4765434.0,1116599,1116957
134,ERR2984773,IDBA-UD,Escherichia_coli,4765434.0,1124138,1124226
135,ERR2984773,IDBA-UD,Escherichia_coli,4765434.0,1143437,1143469
136,ERR2984773,IDBA-UD,Escherichia_coli,4765434.0,1241556,1241978
137,ERR2984773,IDBA-UD,Escherichia_coli,4765434.0,1255399,1255503
138,ERR2984773,IDBA-UD,Escherichia_coli,4765434.0,1261201,1261998
139,ERR2984773,IDBA-UD,Escherichia_coli,4765434.0,1263008,1263909
140,ERR2984773,IDBA-UD,Escherichia_coli,4765434.0,1265022,1265068
141,ERR2984773,IDBA-UD,Escherichia_coli,4765434.0,1266434,1266875
142,ERR2984773,IDBA-UD,Escherichia_coli,4765434.0,1294377,1295109
143,ERR2984773,IDBA-UD,Escherichia_coli,4765434.0,1311623,1312724
144,ERR2984773,IDBA-UD,Escherichia_coli,4765434.0,1314589,1314617
145,ERR2984773,IDBA-UD,Escherichia_coli,4765434.0,1321095,1321097
146,ERR2984773,IDBA-UD,Escherichia_coli,4765434.0,1358273,1358339
147,ERR2984773,IDBA-UD,Escherichia_coli,4765434.0,1377581,1378012
148,ERR2984773,IDBA-UD,Escherichia_coli,4765434.0,1380021,1380109
149,ERR2984773,IDBA-UD,Escherichia_coli,4765434.0,1429531,1430428
150,ERR2984773,IDBA-UD,Escherichia_coli,4765434.0,1436907,1437226
151,ERR2984773,IDBA-UD,Escherichia_coli,4765434.0,1448710,1449533
152,ERR2984773,IDBA-UD,Escherichia_coli,4765434.0,1450288,1450432
153,ERR2984773,IDBA-UD,Escherichia_coli,4765434.0,1489152,1489874
154,ERR2984773,IDBA-UD,Escherichia_coli,4765434.0,1521746,1521966
155,ERR2984773,IDBA-UD,Escherichia_coli,4765434.0,1529372,1530717
156,ERR2984773,IDBA-UD,Escherichia_coli,4765434.0,1562658,1568647
157,ERR2984773,IDBA-UD,Escherichia_coli,4765434.0,1570245,1571056
158,ERR2984773,IDBA-UD,Escherichia_coli,4765434.0,1572325,1572355
159,ERR2984773,IDBA-UD,Escherichia_coli,4765434.0,1580886,1581462
160,ERR2984773,IDBA-UD,Escherichia_coli,4765434.0,1652430,1661174
161,ERR2984773,IDBA-UD,Escherichia_coli,4765434.0,1717969,1718602
162,ERR2984773,IDBA-UD,Escherichia_coli,4765434.0,1728828,1728863
163,ERR2984773,IDBA-UD,Escherichia_coli,4765434.0,1736422,1737571
164,ERR2984773,IDBA-UD,Escherichia_coli,4765434.0,1807769,1808343
165,ERR2984773,IDBA-UD,Escherichia_coli,4765434.0,1814410,1819396
166,ERR2984773,IDBA-UD,Escherichia_coli,4765434.0,1911017,1911053
167,ERR2984773,IDBA-UD,Escherichia_coli,4765434.0,1921446,1922694
168,ERR2984773,IDBA-UD,Escherichia_coli,4765434.0,1928530,1929006
169,ERR2984773,IDBA-UD,Escherichia_coli,4765434.0,1949594,1949666
170,ERR2984773,IDBA-UD,Escherichia_coli,4765434.0,1964971,1965955
171,ERR2984773,IDBA-UD,Escherichia_coli,4765434.0,1968179,1968933
172,ERR2984773,IDBA-UD,Escherichia_coli,4765434.0,1970024,1973279
173,ERR2984773,IDBA-UD,Escherichia_coli,4765434.0,1991130,1991278
174,ERR2984773,IDBA-UD,Escherichia_coli,4765434.0,1996135,1996201
175,ERR2984773,IDBA-UD,Escherichia_coli,4765434.0,2008300,2008362
176,ERR2984773,IDBA-UD,Escherichia_coli,4765434.0,2027243,2027659
177,ERR2984773,IDBA-UD,Escherichia_coli,4765434.0,2029644,2030310
178,ERR2984773,IDBA-UD,Escherichia_coli,4765434.0,2041687,2041737
179,ERR2984773,IDBA-UD,Escherichia_coli,4765434.0,2092722,2093873
180,ERR2984773,IDBA-UD,Escherichia_coli,4765434.0,2153946,2155379
181,ERR2984773,IDBA-UD,Escherichia_coli,4765434.0,2185323,2185543
182,ERR2984773,IDBA-UD,Escherichia_coli,4765434.0,2194965,2195012
183,ERR2984773,IDBA-UD,Escherichia_coli,4765434.0,2221876,2223024
184,ERR2984773,IDBA-UD,Escherichia_coli,4765434.0,2224942,2225841
185,ERR2984773,IDBA-UD,Escherichia_coli,4765434.0,2231361,2231642
186,ERR2984773,IDBA-UD,Escherichia_coli,4765434.0,2233225,2233279
187,ERR2984773,IDBA-UD,Escherichia_coli,4765434.0,2240725,2241065
188,ERR2984773,IDBA-UD,Escherichia_coli,4765434.0,2246266,2246275
189,ERR2984773,IDBA-UD,Escherichia_coli,4765434.0,2252286,2252400
190,ERR2984773,IDBA-UD,Escherichia_coli,4765434.0,2254827,2254869
191,ERR2984773,IDBA-UD,Escherichia_coli,4765434.0,2290966,2291014
192,ERR2984773,IDBA-UD,Escherichia_coli,4765434.0,2321543,2321645
193,ERR2984773,IDBA-UD,Escherichia_coli,4765434.0,2329392,2329403
194,ERR2984773,IDBA-UD,Escherichia_coli,4765434.0,2407472,2408176
195,ERR2984773,IDBA-UD,Escherichia_coli,4765434.0,2425103,2430331
196,ERR2984773,IDBA-UD,Escherichia_coli,4765434.0,2439547,2439755
197,ERR2984773,IDBA-UD,Escherichia_coli,4765434.0,2455057,2455227
198,ERR2984773,IDBA-UD,Escherichia_coli,4765434.0,2458196,2458342
199,ERR2984773,IDBA-UD,Escherichia_coli,4765434.0,2463698,2463704
200,ERR2984773,IDBA-UD,Escherichia_coli,4765434.0,2528139,2528167
201,ERR2984773,IDBA-UD,Escherichia_coli,4765434.0,2531621,2531784
202,ERR2984773,IDBA-UD,Escherichia_coli,4765434.0,2546571,2547638
203,ERR2984773,IDBA-UD,Escherichia_coli,4765434.0,2552854,2553261
204,ERR2984773,IDBA-UD,Escherichia_coli,4765434.0,2596770,2596820
205,ERR2984773,IDBA-UD,Escherichia_coli,4765434.0,2611784,2612357
206,ERR2984773,IDBA-UD,Escherichia_coli,4765434.0,2633607,2634797
207,ERR2984773,IDBA-UD,Escherichia_coli,4765434.0,2640676,2640995
208,ERR2984773,IDBA-UD,Escherichia_coli,4765434.0,2684007,2684304
209,ERR2984773,IDBA-UD,Escherichia_coli,4765434.0,2690123,2690170
210,ERR2984773,IDBA-UD,Escherichia_coli,4765434.0,2749486,2749693
211,ERR2984773,IDBA-UD,Escherichia_coli,4765434.0,2782283,2782497
212,ERR2984773,IDBA-UD,Escherichia_coli,4765434.0,2784075,2784507
213,ERR2984773,IDBA-UD,Escherichia_coli,4765434.0,2794272,2795314
214,ERR2984773,IDBA-UD,Escherichia_coli,4765434.0,2804635,2804664
215,ERR2984773,IDBA-UD,Escherichia_coli,4765434.0,2807353,2807642
216,ERR2984773,IDBA-UD,Escherichia_coli,4765434.0,2832628,2833283
217,ERR2984773,IDBA-UD,Escherichia_coli,4765434.0,2840497,2840569
218,ERR2984773,IDBA-UD,Escherichia_coli,4765434.0,2847716,2847799
219,ERR2984773,IDBA-UD,Escherichia_coli,4765434.0,2869922,2870546
220,ERR2984773,IDBA-UD,Escherichia_coli,4765434.0,2873462,2874540
221,ERR2984773,IDBA-UD,Escherichia_coli,4765434.0,2889650,2890983
222,ERR2984773,IDBA-UD,Escherichia_coli,4765434.0,2904203,2904484
223,ERR2984773,IDBA-UD,Escherichia_coli,4765434.0,2914073,2914250
224,ERR2984773,IDBA-UD,Escherichia_coli,4765434.0,2923205,2923246
225,ERR2984773,IDBA-UD,Escherichia_coli,4765434.0,2927446,2927448
226,ERR2984773,IDBA-UD,Escherichia_coli,4765434.0,2933583,2934157
227,ERR2984773,IDBA-UD,Escherichia_coli,4765434.0,2959935,2960184
228,ERR2984773,IDBA-UD,Escherichia_coli,4765434.0,2989826,2990080
229,ERR2984773,IDBA-UD,Escherichia_coli,4765434.0,3073031,3078170
230,ERR2984773,IDBA-UD,Escherichia_coli,4765434.0,3083108,3083449
231,ERR2984773,IDBA-UD,Escherichia_coli,4765434.0,3098533,3100693
232,ERR2984773,IDBA-UD,Escherichia_coli,4765434.0,3102214,3103438
233,ERR2984773,IDBA-UD,Escherichia_coli,4765434.0,3104425,3106657
234,ERR2984773,IDBA-UD,Escherichia_coli,4765434.0,3108270,3110652
235,ERR2984773,IDBA-UD,Escherichia_coli,4765434.0,3114244,3119627
236,ERR2984773,IDBA-UD,Escherichia_coli,4765434.0,3132826,3132977
237,ERR2984773,IDBA-UD,Escherichia_coli,4765434.0,3200822,3201819
238,ERR2984773,IDBA-UD,Escherichia_coli,4765434.0,3245277,3250758
239,ERR2984773,IDBA-UD,Escherichia_coli,4765434.0,3263004,3263248
240,ERR2984773,IDBA-UD,Escherichia_coli,4765434.0,3303171,3303485
241,ERR2984773,IDBA-UD,Escherichia_coli,4765434.0,3319416,3320244
242,ERR2984773,IDBA-UD,Escherichia_coli,4765434.0,3338986,3344384
243,ERR2984773,IDBA-UD,Escherichia_coli,4765434.0,3364799,3369806
244,ERR2984773,IDBA-UD,Escherichia_coli,4765434.0,3373051,3373182
245,ERR2984773,IDBA-UD,Escherichia_coli,4765434.0,3389261,3389499
246,ERR2984773,IDBA-UD,Escherichia_coli,4765434.0,3400870,3402185
247,ERR2984773,IDBA-UD,Escherichia_coli,4765434.0,3405647,3407088
248,ERR2984773,IDBA-UD,Escherichia_coli,4765434.0,3450214,3450244
249,ERR2984773,IDBA-UD,Escherichia_coli,4765434.0,3451598,3451954
250,ERR2984773,IDBA-UD,Escherichia_coli,4765434.0,3455546,3457683
251,ERR2984773,IDBA-UD,Escherichia_coli,4765434.0,3459027,3459029
252,ERR2984773,IDBA-UD,Escherichia_coli,4765434.0,3480392,3481538
253,ERR2984773,IDBA-UD,Escherichia_coli,4765434.0,3484045,3484241
254,ERR2984773,IDBA-UD,Escherichia_coli,4765434.0,3486910,3487921
255,ERR2984773,IDBA-UD,Escherichia_coli,4765434.0,3493833,3494317
256,ERR2984773,IDBA-UD,Escherichia_coli,4765434.0,3504078,3504399
257,ERR2984773,IDBA-UD,Escherichia_coli,4765434.0,3509230,3510136
258,ERR2984773,IDBA-UD,Escherichia_coli,4765434.0,3527754,3527828
259,ERR2984773,IDBA-UD,Escherichia_coli,4765434.0,3555808,3556711
260,ERR2984773,IDBA-UD,Escherichia_coli,4765434.0,3564377,3564379
261,ERR2984773,IDBA-UD,Escherichia_coli,4765434.0,3579731,3580417
262,ERR2984773,IDBA-UD,Escherichia_coli,4765434.0,3581369,3584738
263,ERR2984773,IDBA-UD,Escherichia_coli,4765434.0,3625716,3625837
264,ERR2984773,IDBA-UD,Escherichia_coli,4765434.0,3678251,3679187
265,ERR2984773,IDBA-UD,Escherichia_coli,4765434.0,3687177,3688709
266,ERR2984773,IDBA-UD,Escherichia_coli,4765434.0,3689885,3693278
267,ERR2984773,IDBA-UD,Escherichia_coli,4765434.0,3712044,3712259
268,ERR2984773,IDBA-UD,Escherichia_coli,4765434.0,3825732,3825734
269,ERR2984773,IDBA-UD,Escherichia_coli,4765434.0,3830485,3830629
270,ERR2984773,IDBA-UD,Escherichia_coli,4765434.0,3833426,3833759
271,ERR2984773,IDBA-UD,Escherichia_coli,4765434.0,3837385,3837748
272,ERR2984773,IDBA-UD,Escherichia_coli,4765434.0,3840792,3841626
273,ERR2984773,IDBA-UD,Escherichia_coli,4765434.0,3858669,3868538
274,ERR2984773,IDBA-UD,Escherichia_coli,4765434.0,3869718,3869914
275,ERR2984773,IDBA-UD,Escherichia_coli,4765434.0,3871497,3872035
276,ERR2984773,IDBA-UD,Escherichia_coli,4765434.0,3882992,3888375
277,ERR2984773,IDBA-UD,Escherichia_coli,4765434.0,3900216,3900596
278,ERR2984773,IDBA-UD,Escherichia_coli,4765434.0,3910763,3910768
279,ERR2984773,IDBA-UD,Escherichia_coli,4765434.0,3929701,3929766
280,ERR2984773,IDBA-UD,Escherichia_coli,4765434.0,3934313,3934494
281,ERR2984773,IDBA-UD,Escherichia_coli,4765434.0,3972205,3972207
282,ERR2984773,IDBA-UD,Escherichia_coli,4765434.0,3983783,3984312
283,ERR2984773,IDBA-UD,Escherichia_coli,4765434.0,3986415,3986845
284,ERR2984773,IDBA-UD,Escherichia_coli,4765434.0,3992434,3992758
285,ERR2984773,IDBA-UD,Escherichia_coli,4765434.0,4002644,4003420
286,ERR2984773,IDBA-UD,Escherichia_coli,4765434.0,4017128,4017302
287,ERR2984773,IDBA-UD,Escherichia_coli,4765434.0,4042540,4042670
288,ERR2984773,IDBA-UD,Escherichia_coli,4765434.0,4099704,4099863
289,ERR2984773,IDBA-UD,Escherichia_coli,4765434.0,4102016,4102241
290,ERR2984773,IDBA-UD,Escherichia_coli,4765434.0,4108388,4108390
291,ERR2984773,IDBA-UD,Escherichia_coli,4765434.0,4134612,4134750
292,ERR2984773,IDBA-UD,Escherichia_coli,4765434.0,4166628,4166740
293,ERR2984773,IDBA-UD,Escherichia_coli,4765434.0,4224647,4224876
294,ERR2984773,IDBA-UD,Escherichia_coli,4765434.0,4256336,4256338
295,ERR2984773,IDBA-UD,Escherichia_coli,4765434.0,4429481,4429554
296,ERR2984773,IDBA-UD,Escherichia_coli,4765434.0,4446619,4447772
297,ERR2984773,IDBA-UD,Escherichia_coli,4765434.0,4475263,4475295
298,ERR2984773,IDBA-UD,Escherichia_coli,4765434.0,4479084,4479086
299,ERR2984773,IDBA-UD,Escherichia_coli,4765434.0,4502991,4503250
300,ERR2984773,IDBA-UD,Escherichia_coli,4765434.0,4506757,4507714
301,ERR2984773,IDBA-UD,Escherichia_coli,4765434.0,4553450,4553851
302,ERR2984773,IDBA-UD,Escherichia_coli,4765434.0,4571855,4571895
303,ERR2984773,IDBA-UD,Escherichia_coli,4765434.0,4581716,4581718
304,ERR2984773,IDBA-UD,Escherichia_coli,4765434.0,4585424,4585457
305,ERR2984773,IDBA-UD,Escherichia_coli,4765434.0,4588425,4588649
306,ERR2984773,IDBA-UD,Escherichia_coli,4765434.0,4591404,4596463
307,ERR2984773,IDBA-UD,Escherichia_coli,4765434.0,4608774,4609559
308,ERR2984773,IDBA-UD,Escherichia_coli,4765434.0,4662205,4662207
309,ERR2984773,IDBA-UD,Escherichia_coli,4765434.0,4687579,4687756
310,ERR2984773,IDBA-UD,Escherichia_coli,4765434.0,4690064,4691110
311,ERR2984773,IDBA-UD,Escherichia_coli,4765434.0,4698211,4698437
312,ERR2984773,IDBA-UD,Escherichia_coli,4765434.0,4702346,4702438
313,ERR2984773,IDBA-UD,Lactobacillus_fermentum,1905333.0,2258,5540
314,ERR2984773,IDBA-UD,Lactobacillus_fermentum,1905333.0,19491,24897
315,ERR2984773,IDBA-UD,Lactobacillus_fermentum,1905333.0,36954,38633
316,ERR2984773,IDBA-UD,Lactobacillus_fermentum,1905333.0,57696,59513
317,ERR2984773,IDBA-UD,Lactobacillus_fermentum,1905333.0,96979,101988
318,ERR2984773,IDBA-UD,Lactobacillus_fermentum,1905333.0,103033,104602
319,ERR2984773,IDBA-UD,Lactobacillus_fermentum,1905333.0,138449,139361
320,ERR2984773,IDBA-UD,Lactobacillus_fermentum,1905333.0,261221,262555
321,ERR2984773,IDBA-UD,Lactobacillus_fermentum,1905333.0,273709,274205
322,ERR2984773,IDBA-UD,Lactobacillus_fermentum,1905333.0,278334,281193
323,ERR2984773,IDBA-UD,Lactobacillus_fermentum,1905333.0,286309,287432
324,ERR2984773,IDBA-UD,Lactobacillus_fermentum,1905333.0,290372,291518
325,ERR2984773,IDBA-UD,Lactobacillus_fermentum,1905333.0,337674,338835
326,ERR2984773,IDBA-UD,Lactobacillus_fermentum,1905333.0,347720,347741
327,ERR2984773,IDBA-UD,Lactobacillus_fermentum,1905333.0,411621,416452
328,ERR2984773,IDBA-UD,Lactobacillus_fermentum,1905333.0,417582,421466
329,ERR2984773,IDBA-UD,Lactobacillus_fermentum,1905333.0,461800,463714
330,ERR2984773,IDBA-UD,Lactobacillus_fermentum,1905333.0,479275,480903
331,ERR2984773,IDBA-UD,Lactobacillus_fermentum,1905333.0,521640,522242
332,ERR2984773,IDBA-UD,Lactobacillus_fermentum,1905333.0,525940,527389
333,ERR2984773,IDBA-UD,Lactobacillus_fermentum,1905333.0,530392,530911
334,ERR2984773,IDBA-UD,Lactobacillus_fermentum,1905333.0,571343,572084
335,ERR2984773,IDBA-UD,Lactobacillus_fermentum,1905333.0,573618,575125
336,ERR2984773,IDBA-UD,Lactobacillus_fermentum,1905333.0,582762,583542
337,ERR2984773,IDBA-UD,Lactobacillus_fermentum,1905333.0,591991,592848
338,ERR2984773,IDBA-UD,Lactobacillus_fermentum,1905333.0,619916,621711
339,ERR2984773,IDBA-UD,Lactobacillus_fermentum,1905333.0,685423,686596
340,ERR2984773,IDBA-UD,Lactobacillus_fermentum,1905333.0,689620,692441
341,ERR2984773,IDBA-UD,Lactobacillus_fermentum,1905333.0,791684,793105
342,ERR2984773,IDBA-UD,Lactobacillus_fermentum,1905333.0,801857,803671
343,ERR2984773,IDBA-UD,Lactobacillus_fermentum,1905333.0,812649,813310
344,ERR2984773,IDBA-UD,Lactobacillus_fermentum,1905333.0,844122,844136
345,ERR2984773,IDBA-UD,Lactobacillus_fermentum,1905333.0,857822,859367
346,ERR2984773,IDBA-UD,Lactobacillus_fermentum,1905333.0,868388,870112
347,ERR2984773,IDBA-UD,Lactobacillus_fermentum,1905333.0,873287,875048
348,ERR2984773,IDBA-UD,Lactobacillus_fermentum,1905333.0,885697,888427
349,ERR2984773,IDBA-UD,Lactobacillus_fermentum,1905333.0,909423,911144
350,ERR2984773,IDBA-UD,Lactobacillus_fermentum,1905333.0,939579,940469
351,ERR2984773,IDBA-UD,Lactobacillus_fermentum,1905333.0,963636,963643
352,ERR2984773,IDBA-UD,Lactobacillus_fermentum,1905333.0,1021888,1022991
353,ERR2984773,IDBA-UD,Lactobacillus_fermentum,1905333.0,1039030,1039230
354,ERR2984773,IDBA-UD,Lactobacillus_fermentum,1905333.0,1051644,1055143
355,ERR2984773,IDBA-UD,Lactobacillus_fermentum,1905333.0,1069309,1072385
356,ERR2984773,IDBA-UD,Lactobacillus_fermentum,1905333.0,1109748,1110582
357,ERR2984773,IDBA-UD,Lactobacillus_fermentum,1905333.0,1203532,1203614
358,ERR2984773,IDBA-UD,Lactobacillus_fermentum,1905333.0,1225400,1230417
359,ERR2984773,IDBA-UD,Lactobacillus_fermentum,1905333.0,1264292,1264395
360,ERR2984773,IDBA-UD,Lactobacillus_fermentum,1905333.0,1277396,1279211
361,ERR2984773,IDBA-UD,Lactobacillus_fermentum,1905333.0,1308273,1309728
362,ERR2984773,IDBA-UD,Lactobacillus_fermentum,1905333.0,1313697,1317800
363,ERR2984773,IDBA-UD,Lactobacillus_fermentum,1905333.0,1375619,1377017
364,ERR2984773,IDBA-UD,Lactobacillus_fermentum,1905333.0,1391726,1393353
365,ERR2984773,IDBA-UD,Lactobacillus_fermentum,1905333.0,1406450,1408264
366,ERR2984773,IDBA-UD,Lactobacillus_fermentum,1905333.0,1437515,1438858
367,ERR2984773,IDBA-UD,Lactobacillus_fermentum,1905333.0,1467043,1468839
368,ERR2984773,IDBA-UD,Lactobacillus_fermentum,1905333.0,1474171,1474238
369,ERR2984773,IDBA-UD,Lactobacillus_fermentum,1905333.0,1546818,1548636
370,ERR2984773,IDBA-UD,Lactobacillus_fermentum,1905333.0,1574318,1574854
371,ERR2984773,IDBA-UD,Lactobacillus_fermentum,1905333.0,1595330,1595707
372,ERR2984773,IDBA-UD,Lactobacillus_fermentum,1905333.0,1610291,1611185
373,ERR2984773,IDBA-UD,Lactobacillus_fermentum,1905333.0,1625969,1626828
374,ERR2984773,IDBA-UD,Lactobacillus_fermentum,1905333.0,1635734,1636608
375,ERR2984773,IDBA-UD,Lactobacillus_fermentum,1905333.0,1663192,1666177
376,ERR2984773,IDBA-UD,Lactobacillus_fermentum,1905333.0,1698612,1700430
377,ERR2984773,IDBA-UD,Lactobacillus_fermentum,1905333.0,1787817,1788674
378,ERR2984773,IDBA-UD,Lactobacillus_fermentum,1905333.0,1799996,1801809
379,ERR2984773,IDBA-UD,Lactobacillus_fermentum,1905333.0,1819903,1821721
380,ERR2984773,IDBA-UD,Lactobacillus_fermentum,1905333.0,1839623,1839920
381,ERR2984773,IDBA-UD,Lactobacillus_fermentum,1905333.0,1843373,1844462
382,ERR2984773,IDBA-UD,Lactobacillus_fermentum,1905333.0,1846363,1848727
383,ERR2984773,IDBA-UD,Lactobacillus_fermentum,1905333.0,1855157,1856781
384,ERR2984773,IDBA-UD,Lactobacillus_fermentum,1905333.0,1880243,1881817
385,ERR2984773,IDBA-UD,Lactobacillus_fermentum,1905333.0,1889955,1891928
386,ERR2984773,IDBA-UD,Lactobacillus_fermentum,1905333.0,1893711,1898207
387,ERR2984773,IDBA-UD,Lactobacillus_fermentum,1905333.0,1901424,1903448
388,ERR2984773,IDBA-UD,Listeria_monocytogenes,2992342.0,122694,122701
389,ERR2984773,IDBA-UD,Listeria_monocytogenes,2992342.0,351147,352316
390,ERR2984773,IDBA-UD,Listeria_monocytogenes,2992342.0,494583,495081
391,ERR2984773,IDBA-UD,Listeria_monocytogenes,2992342.0,497137,497147
392,ERR2984773,IDBA-UD,Listeria_monocytogenes,2992342.0,624106,624110
393,ERR2984773,IDBA-UD,Listeria_monocytogenes,2992342.0,654377,654645
394,ERR2984773,IDBA-UD,Listeria_monocytogenes,2992342.0,678851,678863
395,ERR2984773,IDBA-UD,Listeria_monocytogenes,2992342.0,828661,828679
396,ERR2984773,IDBA-UD,Listeria_monocytogenes,2992342.0,834059,834080
397,ERR2984773,IDBA-UD,Listeria_monocytogenes,2992342.0,1012541,1012546
398,ERR2984773,IDBA-UD,Listeria_monocytogenes,2992342.0,1080897,1083016
399,ERR2984773,IDBA-UD,Listeria_monocytogenes,2992342.0,1228567,1229345
400,ERR2984773,IDBA-UD,Listeria_monocytogenes,2992342.0,1230552,1230917
401,ERR2984773,IDBA-UD,Listeria_monocytogenes,2992342.0,1366498,1377412
402,ERR2984773,IDBA-UD,Listeria_monocytogenes,2992342.0,1467086,1467130
403,ERR2984773,IDBA-UD,Listeria_monocytogenes,2992342.0,1610297,1615570
404,ERR2984773,IDBA-UD,Listeria_monocytogenes,2992342.0,1869977,1869983
405,ERR2984773,IDBA-UD,Listeria_monocytogenes,2992342.0,2032720,2033007
406,ERR2984773,IDBA-UD,Listeria_monocytogenes,2992342.0,2063197,2063946
407,ERR2984773,IDBA-UD,Listeria_monocytogenes,2992342.0,2158550,2161187
408,ERR2984773,IDBA-UD,Listeria_monocytogenes,2992342.0,2162750,2164437
409,ERR2984773,IDBA-UD,Listeria_monocytogenes,2992342.0,2232107,2232408
410,ERR2984773,IDBA-UD,Listeria_monocytogenes,2992342.0,2245939,2281511
411,ERR2984773,IDBA-UD,Listeria_monocytogenes,2992342.0,2340266,2340466
412,ERR2984773,IDBA-UD,Listeria_monocytogenes,2992342.0,2472568,2473093
413,ERR2984773,IDBA-UD,Listeria_monocytogenes,2992342.0,2495515,2496418
414,ERR2984773,IDBA-UD,Listeria_monocytogenes,2992342.0,2498358,2498933
415,ERR2984773,IDBA-UD,Listeria_monocytogenes,2992342.0,2500361,2500632
416,ERR2984773,IDBA-UD,Listeria_monocytogenes,2992342.0,2502073,2502482
417,ERR2984773,IDBA-UD,Listeria_monocytogenes,2992342.0,2757110,2762065
418,ERR2984773,IDBA-UD,Listeria_monocytogenes,2992342.0,2861790,2868113
419,ERR2984773,IDBA-UD,Listeria_monocytogenes,2992342.0,2892523,2892528
420,ERR2984773,IDBA-UD,Pseudomonas_aeruginosa,6792330.0,36747,37477
421,ERR2984773,IDBA-UD,Pseudomonas_aeruginosa,6792330.0,76739,76835
422,ERR2984773,IDBA-UD,Pseudomonas_aeruginosa,6792330.0,332155,333156
423,ERR2984773,IDBA-UD,Pseudomonas_aeruginosa,6792330.0,421226,426782
424,ERR2984773,IDBA-UD,Pseudomonas_aeruginosa,6792330.0,446522,447485
425,ERR2984773,IDBA-UD,Pseudomonas_aeruginosa,6792330.0,500663,501329
426,ERR2984773,IDBA-UD,Pseudomonas_aeruginosa,6792330.0,577818,578224
427,ERR2984773,IDBA-UD,Pseudomonas_aeruginosa,6792330.0,631553,631676
428,ERR2984773,IDBA-UD,Pseudomonas_aeruginosa,6792330.0,1160564,1160704
429,ERR2984773,IDBA-UD,Pseudomonas_aeruginosa,6792330.0,1163223,1164524
430,ERR2984773,IDBA-UD,Pseudomonas_aeruginosa,6792330.0,1168691,1168743
431,ERR2984773,IDBA-UD,Pseudomonas_aeruginosa,6792330.0,1202799,1202801
432,ERR2984773,IDBA-UD,Pseudomonas_aeruginosa,6792330.0,1637309,1637311
433,ERR2984773,IDBA-UD,Pseudomonas_aeruginosa,6792330.0,1807464,1807466
434,ERR2984773,IDBA-UD,Pseudomonas_aeruginosa,6792330.0,1875082,1875084
435,ERR2984773,IDBA-UD,Pseudomonas_aeruginosa,6792330.0,1886788,1887716
436,ERR2984773,IDBA-UD,Pseudomonas_aeruginosa,6792330.0,1889680,1891108
437,ERR2984773,IDBA-UD,Pseudomonas_aeruginosa,6792330.0,1892920,1895049
438,ERR2984773,IDBA-UD,Pseudomonas_aeruginosa,6792330.0,1899110,1899486
439,ERR2984773,IDBA-UD,Pseudomonas_aeruginosa,6792330.0,2192104,2192304
440,ERR2984773,IDBA-UD,Pseudomonas_aeruginosa,6792330.0,2233921,2234960
441,ERR2984773,IDBA-UD,Pseudomonas_aeruginosa,6792330.0,2291284,2291602
442,ERR2984773,IDBA-UD,Pseudomonas_aeruginosa,6792330.0,2383890,2383893
443,ERR2984773,IDBA-UD,Pseudomonas_aeruginosa,6792330.0,2426481,2427635
444,ERR2984773,IDBA-UD,Pseudomonas_aeruginosa,6792330.0,2429421,2430413
445,ERR2984773,IDBA-UD,Pseudomonas_aeruginosa,6792330.0,2448257,2448295
446,ERR2984773,IDBA-UD,Pseudomonas_aeruginosa,6792330.0,2559445,2559819
447,ERR2984773,IDBA-UD,Pseudomonas_aeruginosa,6792330.0,2687506,2687912
448,ERR2984773,IDBA-UD,Pseudomonas_aeruginosa,6792330.0,2714793,2717278
449,ERR2984773,IDBA-UD,Pseudomonas_aeruginosa,6792330.0,2718272,2718985
450,ERR2984773,IDBA-UD,Pseudomonas_aeruginosa,6792330.0,2724337,2727862
451,ERR2984773,IDBA-UD,Pseudomonas_aeruginosa,6792330.0,2732601,2733844
452,ERR2984773,IDBA-UD,Pseudomonas_aeruginosa,6792330.0,2734906,2735450
453,ERR2984773,IDBA-UD,Pseudomonas_aeruginosa,6792330.0,2742825,2742888
454,ERR2984773,IDBA-UD,Pseudomonas_aeruginosa,6792330.0,2744382,2744445
455,ERR2984773,IDBA-UD,Pseudomonas_aeruginosa,6792330.0,2758717,2759340
456,ERR2984773,IDBA-UD,Pseudomonas_aeruginosa,6792330.0,2828106,2828181
457,ERR2984773,IDBA-UD,Pseudomonas_aeruginosa,6792330.0,2835687,2836850
458,ERR2984773,IDBA-UD,Pseudomonas_aeruginosa,6792330.0,2840255,2841441
459,ERR2984773,IDBA-UD,Pseudomonas_aeruginosa,6792330.0,2849238,2853361
460,ERR2984773,IDBA-UD,Pseudomonas_aeruginosa,6792330.0,2945835,2945972
461,ERR2984773,IDBA-UD,Pseudomonas_aeruginosa,6792330.0,3028829,3029813
462,ERR2984773,IDBA-UD,Pseudomonas_aeruginosa,6792330.0,3343037,3343768
463,ERR2984773,IDBA-UD,Pseudomonas_aeruginosa,6792330.0,3400537,3401808
464,ERR2984773,IDBA-UD,Pseudomonas_aeruginosa,6792330.0,3424037,3424236
465,ERR2984773,IDBA-UD,Pseudomonas_aeruginosa,6792330.0,3426116,3428566
466,ERR2984773,IDBA-UD,Pseudomonas_aeruginosa,6792330.0,3547945,3553938
467,ERR2984773,IDBA-UD,Pseudomonas_aeruginosa,6792330.0,3587257,3587442
468,ERR2984773,IDBA-UD,Pseudomonas_aeruginosa,6792330.0,3609159,3609393
469,ERR2984773,IDBA-UD,Pseudomonas_aeruginosa,6792330.0,3928112,3928235
470,ERR2984773,IDBA-UD,Pseudomonas_aeruginosa,6792330.0,3979082,3979376
471,ERR2984773,IDBA-UD,Pseudomonas_aeruginosa,6792330.0,4065755,4065868
472,ERR2984773,IDBA-UD,Pseudomonas_aeruginosa,6792330.0,4594954,4595045
473,ERR2984773,IDBA-UD,Pseudomonas_aeruginosa,6792330.0,4655720,4655745
474,ERR2984773,IDBA-UD,Pseudomonas_aeruginosa,6792330.0,4829556,4830595
475,ERR2984773,IDBA-UD,Pseudomonas_aeruginosa,6792330.0,4892371,4897932
476,ERR2984773,IDBA-UD,Pseudomonas_aeruginosa,6792330.0,4940363,4940793
477,ERR2984773,IDBA-UD,Pseudomonas_aeruginosa,6792330.0,4942057,4942919
478,ERR2984773,IDBA-UD,Pseudomonas_aeruginosa,6792330.0,5201470,5202152
479,ERR2984773,IDBA-UD,Pseudomonas_aeruginosa,6792330.0,5207647,5208466
480,ERR2984773,IDBA-UD,Pseudomonas_aeruginosa,6792330.0,5395818,5398688
481,ERR2984773,IDBA-UD,Pseudomonas_aeruginosa,6792330.0,5453328,5454512
482,ERR2984773,IDBA-UD,Pseudomonas_aeruginosa,6792330.0,5456968,5458838
483,ERR2984773,IDBA-UD,Pseudomonas_aeruginosa,6792330.0,5480895,5482499
484,ERR2984773,IDBA-UD,Pseudomonas_aeruginosa,6792330.0,5484548,5485724
485,ERR2984773,IDBA-UD,Pseudomonas_aeruginosa,6792330.0,5490019,5490109
486,ERR2984773,IDBA-UD,Pseudomonas_aeruginosa,6792330.0,5609249,5613975
487,ERR2984773,IDBA-UD,Pseudomonas_aeruginosa,6792330.0,5700388,5700432
488,ERR2984773,IDBA-UD,Pseudomonas_aeruginosa,6792330.0,6079422,6080461
489,ERR2984773,IDBA-UD,Pseudomonas_aeruginosa,6792330.0,6170662,6170950
490,ERR2984773,IDBA-UD,Pseudomonas_aeruginosa,6792330.0,6277334,6282707
491,ERR2984773,IDBA-UD,Pseudomonas_aeruginosa,6792330.0,6331934,6332557
492,ERR2984773,IDBA-UD,Pseudomonas_aeruginosa,6792330.0,6543573,6543652
493,ERR2984773,IDBA-UD,Pseudomonas_aeruginosa,6792330.0,6547483,6547748
494,ERR2984773,IDBA-UD,Pseudomonas_aeruginosa,6792330.0,6549769,6549771
495,ERR2984773,IDBA-UD,Pseudomonas_aeruginosa,6792330.0,6613511,6614505
496,ERR2984773,IDBA-UD,Salmonella_enterica,4759746.0,14788,16095
497,ERR2984773,IDBA-UD,Salmonella_enterica,4759746.0,116538,117262
498,ERR2984773,IDBA-UD,Salmonella_enterica,4759746.0,130732,130734
499,ERR2984773,IDBA-UD,Salmonella_enterica,4759746.0,349115,349231
500,ERR2984773,IDBA-UD,Salmonella_enterica,4759746.0,392292,392554
501,ERR2984773,IDBA-UD,Salmonella_enterica,4759746.0,395534,395536
502,ERR2984773,IDBA-UD,Salmonella_enterica,4759746.0,424312,424328
503,ERR2984773,IDBA-UD,Salmonella_enterica,4759746.0,454374,454376
504,ERR2984773,IDBA-UD,Salmonella_enterica,4759746.0,456252,456331
505,ERR2984773,IDBA-UD,Salmonella_enterica,4759746.0,508584,509026
506,ERR2984773,IDBA-UD,Salmonella_enterica,4759746.0,530966,532083
507,ERR2984773,IDBA-UD,Salmonella_enterica,4759746.0,583567,583641
508,ERR2984773,IDBA-UD,Salmonella_enterica,4759746.0,593558,593591
509,ERR2984773,IDBA-UD,Salmonella_enterica,4759746.0,631674,631703
510,ERR2984773,IDBA-UD,Salmonella_enterica,4759746.0,641504,641533
511,ERR2984773,IDBA-UD,Salmonella_enterica,4759746.0,725356,726283
512,ERR2984773,IDBA-UD,Salmonella_enterica,4759746.0,744930,744932
513,ERR2984773,IDBA-UD,Salmonella_enterica,4759746.0,804294,804470
514,ERR2984773,IDBA-UD,Salmonella_enterica,4759746.0,881620,881926
515,ERR2984773,IDBA-UD,Salmonella_enterica,4759746.0,891530,891930
516,ERR2984773,IDBA-UD,Salmonella_enterica,4759746.0,928620,928622
517,ERR2984773,IDBA-UD,Salmonella_enterica,4759746.0,934132,934340
518,ERR2984773,IDBA-UD,Salmonella_enterica,4759746.0,967953,968159
519,ERR2984773,IDBA-UD,Salmonella_enterica,4759746.0,974568,975214
520,ERR2984773,IDBA-UD,Salmonella_enterica,4759746.0,977589,977906
521,ERR2984773,IDBA-UD,Salmonella_enterica,4759746.0,1028298,1028300
522,ERR2984773,IDBA-UD,Salmonella_enterica,4759746.0,1054056,1055192
523,ERR2984773,IDBA-UD,Salmonella_enterica,4759746.0,1071712,1071950
524,ERR2984773,IDBA-UD,Salmonella_enterica,4759746.0,1083010,1083204
525,ERR2984773,IDBA-UD,Salmonella_enterica,4759746.0,1084577,1085017
526,ERR2984773,IDBA-UD,Salmonella_enterica,4759746.0,1086462,1086529
527,ERR2984773,IDBA-UD,Salmonella_enterica,4759746.0,1094432,1094447
528,ERR2984773,IDBA-UD,Salmonella_enterica,4759746.0,1108791,1108878
529,ERR2984773,IDBA-UD,Salmonella_enterica,4759746.0,1140154,1140913
530,ERR2984773,IDBA-UD,Salmonella_enterica,4759746.0,1204559,1204728
531,ERR2984773,IDBA-UD,Salmonella_enterica,4759746.0,1225625,1226625
532,ERR2984773,IDBA-UD,Salmonella_enterica,4759746.0,1229311,1229331
533,ERR2984773,IDBA-UD,Salmonella_enterica,4759746.0,1248776,1248778
534,ERR2984773,IDBA-UD,Salmonella_enterica,4759746.0,1304259,1304692
535,ERR2984773,IDBA-UD,Salmonella_enterica,4759746.0,1322672,1322809
536,ERR2984773,IDBA-UD,Salmonella_enterica,4759746.0,1335934,1341553
537,ERR2984773,IDBA-UD,Salmonella_enterica,4759746.0,1354908,1355226
538,ERR2984773,IDBA-UD,Salmonella_enterica,4759746.0,1445934,1446151
539,ERR2984773,IDBA-UD,Salmonella_enterica,4759746.0,1540426,1541562
540,ERR2984773,IDBA-UD,Salmonella_enterica,4759746.0,1587522,1587531
541,ERR2984773,IDBA-UD,Salmonella_enterica,4759746.0,1592808,1592862
542,ERR2984773,IDBA-UD,Salmonella_enterica,4759746.0,1616258,1616597
543,ERR2984773,IDBA-UD,Salmonella_enterica,4759746.0,1622157,1622278
544,ERR2984773,IDBA-UD,Salmonella_enterica,4759746.0,1689511,1689999
545,ERR2984773,IDBA-UD,Salmonella_enterica,4759746.0,1694397,1695255
546,ERR2984773,IDBA-UD,Salmonella_enterica,4759746.0,1712246,1712439
547,ERR2984773,IDBA-UD,Salmonella_enterica,4759746.0,1717627,1717822
548,ERR2984773,IDBA-UD,Salmonella_enterica,4759746.0,1795970,1795986
549,ERR2984773,IDBA-UD,Salmonella_enterica,4759746.0,1800032,1801156
550,ERR2984773,IDBA-UD,Salmonella_enterica,4759746.0,1857629,1857759
551,ERR2984773,IDBA-UD,Salmonella_enterica,4759746.0,1884844,1885619
552,ERR2984773,IDBA-UD,Salmonella_enterica,4759746.0,1887301,1887523
553,ERR2984773,IDBA-UD,Salmonella_enterica,4759746.0,1893687,1893762
554,ERR2984773,IDBA-UD,Salmonella_enterica,4759746.0,1895581,1895906
555,ERR2984773,IDBA-UD,Salmonella_enterica,4759746.0,1898132,1898134
556,ERR2984773,IDBA-UD,Salmonella_enterica,4759746.0,1902765,1903654
557,ERR2984773,IDBA-UD,Salmonella_enterica,4759746.0,1907630,1907964
558,ERR2984773,IDBA-UD,Salmonella_enterica,4759746.0,1909440,1909560
559,ERR2984773,IDBA-UD,Salmonella_enterica,4759746.0,1948688,1949234
560,ERR2984773,IDBA-UD,Salmonella_enterica,4759746.0,1954765,1958041
561,ERR2984773,IDBA-UD,Salmonella_enterica,4759746.0,1971841,1971843
562,ERR2984773,IDBA-UD,Salmonella_enterica,4759746.0,1977222,1977341
563,ERR2984773,IDBA-UD,Salmonella_enterica,4759746.0,1986202,1986262
564,ERR2984773,IDBA-UD,Salmonella_enterica,4759746.0,2002605,2007975
565,ERR2984773,IDBA-UD,Salmonella_enterica,4759746.0,2018876,2025801
566,ERR2984773,IDBA-UD,Salmonella_enterica,4759746.0,2026845,2026925
567,ERR2984773,IDBA-UD,Salmonella_enterica,4759746.0,2028458,2032241
568,ERR2984773,IDBA-UD,Salmonella_enterica,4759746.0,2034244,2035563
569,ERR2984773,IDBA-UD,Salmonella_enterica,4759746.0,2037135,2038422
570,ERR2984773,IDBA-UD,Salmonella_enterica,4759746.0,2077445,2077484
571,ERR2984773,IDBA-UD,Salmonella_enterica,4759746.0,2084844,2084972
572,ERR2984773,IDBA-UD,Salmonella_enterica,4759746.0,2088316,2088438
573,ERR2984773,IDBA-UD,Salmonella_enterica,4759746.0,2276417,2276519
574,ERR2984773,IDBA-UD,Salmonella_enterica,4759746.0,2277484,2278633
575,ERR2984773,IDBA-UD,Salmonella_enterica,4759746.0,2308111,2308162
576,ERR2984773,IDBA-UD,Salmonella_enterica,4759746.0,2312656,2312919
577,ERR2984773,IDBA-UD,Salmonella_enterica,4759746.0,2363544,2363806
578,ERR2984773,IDBA-UD,Salmonella_enterica,4759746.0,2436555,2438148
579,ERR2984773,IDBA-UD,Salmonella_enterica,4759746.0,2440977,2445021
580,ERR2984773,IDBA-UD,Salmonella_enterica,4759746.0,2472713,2472924
581,ERR2984773,IDBA-UD,Salmonella_enterica,4759746.0,2483387,2483431
582,ERR2984773,IDBA-UD,Salmonella_enterica,4759746.0,2497702,2501810
583,ERR2984773,IDBA-UD,Salmonella_enterica,4759746.0,2522459,2528006
584,ERR2984773,IDBA-UD,Salmonella_enterica,4759746.0,2529127,2529985
585,ERR2984773,IDBA-UD,Salmonella_enterica,4759746.0,2549315,2549532
586,ERR2984773,IDBA-UD,Salmonella_enterica,4759746.0,2564282,2564592
587,ERR2984773,IDBA-UD,Salmonella_enterica,4759746.0,2569508,2569643
588,ERR2984773,IDBA-UD,Salmonella_enterica,4759746.0,2601825,2601833
589,ERR2984773,IDBA-UD,Salmonella_enterica,4759746.0,2617548,2622908
590,ERR2984773,IDBA-UD,Salmonella_enterica,4759746.0,2718470,2718667
591,ERR2984773,IDBA-UD,Salmonella_enterica,4759746.0,2726717,2727836
592,ERR2984773,IDBA-UD,Salmonella_enterica,4759746.0,2732787,2732812
593,ERR2984773,IDBA-UD,Salmonella_enterica,4759746.0,2762428,2762513
594,ERR2984773,IDBA-UD,Salmonella_enterica,4759746.0,2772787,2778165
595,ERR2984773,IDBA-UD,Salmonella_enterica,4759746.0,2781299,2783824
596,ERR2984773,IDBA-UD,Salmonella_enterica,4759746.0,2785826,2787785
597,ERR2984773,IDBA-UD,Salmonella_enterica,4759746.0,2793159,2795137
598,ERR2984773,IDBA-UD,Salmonella_enterica,4759746.0,2814667,2821166
599,ERR2984773,IDBA-UD,Salmonella_enterica,4759746.0,2907697,2907760
600,ERR2984773,IDBA-UD,Salmonella_enterica,4759746.0,2909931,2911063
601,ERR2984773,IDBA-UD,Salmonella_enterica,4759746.0,2996032,2996815
602,ERR2984773,IDBA-UD,Salmonella_enterica,4759746.0,3017737,3017892
603,ERR2984773,IDBA-UD,Salmonella_enterica,4759746.0,3025627,3025769
604,ERR2984773,IDBA-UD,Salmonella_enterica,4759746.0,3030174,3031507
605,ERR2984773,IDBA-UD,Salmonella_enterica,4759746.0,3033796,3034636
606,ERR2984773,IDBA-UD,Salmonella_enterica,4759746.0,3051589,3052664
607,ERR2984773,IDBA-UD,Salmonella_enterica,4759746.0,3075207,3075533
608,ERR2984773,IDBA-UD,Salmonella_enterica,4759746.0,3147907,3148620
609,ERR2984773,IDBA-UD,Salmonella_enterica,4759746.0,3168680,3169798
610,ERR2984773,IDBA-UD,Salmonella_enterica,4759746.0,3206646,3209953
611,ERR2984773,IDBA-UD,Salmonella_enterica,4759746.0,3239425,3239469
612,ERR2984773,IDBA-UD,Salmonella_enterica,4759746.0,3280661,3281032
613,ERR2984773,IDBA-UD,Salmonella_enterica,4759746.0,3293724,3293912
614,ERR2984773,IDBA-UD,Salmonella_enterica,4759746.0,3328752,3328898
615,ERR2984773,IDBA-UD,Salmonella_enterica,4759746.0,3330367,3330700
616,ERR2984773,IDBA-UD,Salmonella_enterica,4759746.0,3339992,3342981
617,ERR2984773,IDBA-UD,Salmonella_enterica,4759746.0,3352315,3352330
618,ERR2984773,IDBA-UD,Salmonella_enterica,4759746.0,3454279,3454440
619,ERR2984773,IDBA-UD,Salmonella_enterica,4759746.0,3455935,3455937
620,ERR2984773,IDBA-UD,Salmonella_enterica,4759746.0,3463520,3463623
621,ERR2984773,IDBA-UD,Salmonella_enterica,4759746.0,3523506,3523528
622,ERR2984773,IDBA-UD,Salmonella_enterica,4759746.0,3567138,3572542
623,ERR2984773,IDBA-UD,Salmonella_enterica,4759746.0,3581346,3581405
624,ERR2984773,IDBA-UD,Salmonella_enterica,4759746.0,3616829,3616993
625,ERR2984773,IDBA-UD,Salmonella_enterica,4759746.0,3640836,3640838
626,ERR2984773,IDBA-UD,Salmonella_enterica,4759746.0,3693549,3693669
627,ERR2984773,IDBA-UD,Salmonella_enterica,4759746.0,3850078,3850362
628,ERR2984773,IDBA-UD,Salmonella_enterica,4759746.0,3877779,3878028
629,ERR2984773,IDBA-UD,Salmonella_enterica,4759746.0,3939133,3940256
630,ERR2984773,IDBA-UD,Salmonella_enterica,4759746.0,3944863,3945987
631,ERR2984773,IDBA-UD,Salmonella_enterica,4759746.0,4058432,4058874
632,ERR2984773,IDBA-UD,Salmonella_enterica,4759746.0,4062803,4062986
633,ERR2984773,IDBA-UD,Salmonella_enterica,4759746.0,4067536,4067555
634,ERR2984773,IDBA-UD,Salmonella_enterica,4759746.0,4070898,4071002
635,ERR2984773,IDBA-UD,Salmonella_enterica,4759746.0,4105171,4105378
636,ERR2984773,IDBA-UD,Salmonella_enterica,4759746.0,4106677,4106774
637,ERR2984773,IDBA-UD,Salmonella_enterica,4759746.0,4124169,4124424
638,ERR2984773,IDBA-UD,Salmonella_enterica,4759746.0,4126305,4126704
639,ERR2984773,IDBA-UD,Salmonella_enterica,4759746.0,4136800,4136848
640,ERR2984773,IDBA-UD,Salmonella_enterica,4759746.0,4264119,4265017
641,ERR2984773,IDBA-UD,Salmonella_enterica,4759746.0,4288266,4288314
642,ERR2984773,IDBA-UD,Salmonella_enterica,4759746.0,4319218,4319398
643,ERR2984773,IDBA-UD,Salmonella_enterica,4759746.0,4327001,4330036
644,ERR2984773,IDBA-UD,Salmonella_enterica,4759746.0,4332618,4332622
645,ERR2984773,IDBA-UD,Salmonella_enterica,4759746.0,4351735,4351797
646,ERR2984773,IDBA-UD,Salmonella_enterica,4759746.0,4362087,4367155
647,ERR2984773,IDBA-UD,Salmonella_enterica,4759746.0,4369969,4370058
648,ERR2984773,IDBA-UD,Salmonella_enterica,4759746.0,4372684,4375257
649,ERR2984773,IDBA-UD,Salmonella_enterica,4759746.0,4377765,4379356
650,ERR2984773,IDBA-UD,Salmonella_enterica,4759746.0,4388836,4389191
651,ERR2984773,IDBA-UD,Salmonella_enterica,4759746.0,4398428,4398879
652,ERR2984773,IDBA-UD,Salmonella_enterica,4759746.0,4401249,4401554
653,ERR2984773,IDBA-UD,Salmonella_enterica,4759746.0,4408294,4408331
654,ERR2984773,IDBA-UD,Salmonella_enterica,4759746.0,4411130,4411275
655,ERR2984773,IDBA-UD,Salmonella_enterica,4759746.0,4484481,4484536
656,ERR2984773,IDBA-UD,Salmonella_enterica,4759746.0,4490772,4491020
657,ERR2984773,IDBA-UD,Salmonella_enterica,4759746.0,4539866,4540412
658,ERR2984773,IDBA-UD,Salmonella_enterica,4759746.0,4541602,4542719
659,ERR2984773,IDBA-UD,Salmonella_enterica,4759746.0,4617418,4617523
660,ERR2984773,IDBA-UD,Salmonella_enterica,4759746.0,4623526,4625583
661,ERR2984773,IDBA-UD,Salmonella_enterica,4759746.0,4635564,4635616
662,ERR2984773,IDBA-UD,Salmonella_enterica,4759746.0,4679662,4679685
663,ERR2984773,IDBA-UD,Salmonella_enterica,4759746.0,4693920,4694110
664,ERR2984773,IDBA-UD,Salmonella_enterica,4759746.0,4728738,4729608
665,ERR2984773,IDBA-UD,Salmonella_enterica,4759746.0,4733391,4733551
666,ERR2984773,IDBA-UD,Staphylococcus_aureus,2718780.0,21325,23416
667,ERR2984773,IDBA-UD,Staphylococcus_aureus,2718780.0,83264,83640
668,ERR2984773,IDBA-UD,Staphylococcus_aureus,2718780.0,129055,129280
669,ERR2984773,IDBA-UD,Staphylococcus_aureus,2718780.0,149869,149978
670,ERR2984773,IDBA-UD,Staphylococcus_aureus,2718780.0,153504,153571
671,ERR2984773,IDBA-UD,Staphylococcus_aureus,2718780.0,198222,198517
672,ERR2984773,IDBA-UD,Staphylococcus_aureus,2718780.0,288006,288254
673,ERR2984773,IDBA-UD,Staphylococcus_aureus,2718780.0,467192,468119
674,ERR2984773,IDBA-UD,Staphylococcus_aureus,2718780.0,478539,483774
675,ERR2984773,IDBA-UD,Staphylococcus_aureus,2718780.0,518289,518735
676,ERR2984773,IDBA-UD,Staphylococcus_aureus,2718780.0,591989,597293
677,ERR2984773,IDBA-UD,Staphylococcus_aureus,2718780.0,613543,614295
678,ERR2984773,IDBA-UD,Staphylococcus_aureus,2718780.0,647164,647166
679,ERR2984773,IDBA-UD,Staphylococcus_aureus,2718780.0,659712,660071
680,ERR2984773,IDBA-UD,Staphylococcus_aureus,2718780.0,727970,733020
681,ERR2984773,IDBA-UD,Staphylococcus_aureus,2718780.0,768261,768478
682,ERR2984773,IDBA-UD,Staphylococcus_aureus,2718780.0,782168,783056
683,ERR2984773,IDBA-UD,Staphylococcus_aureus,2718780.0,856448,856543
684,ERR2984773,IDBA-UD,Staphylococcus_aureus,2718780.0,909790,910286
685,ERR2984773,IDBA-UD,Staphylococcus_aureus,2718780.0,959076,959175
686,ERR2984773,IDBA-UD,Staphylococcus_aureus,2718780.0,1134974,1137115
687,ERR2984773,IDBA-UD,Staphylococcus_aureus,2718780.0,1200956,1201124
688,ERR2984773,IDBA-UD,Staphylococcus_aureus,2718780.0,1241703,1242328
689,ERR2984773,IDBA-UD,Staphylococcus_aureus,2718780.0,1245651,1246021
690,ERR2984773,IDBA-UD,Staphylococcus_aureus,2718780.0,1608024,1608103
691,ERR2984773,IDBA-UD,Staphylococcus_aureus,2718780.0,1708094,1708113
692,ERR2984773,IDBA-UD,Staphylococcus_aureus,2718780.0,1723604,1724200
693,ERR2984773,IDBA-UD,Staphylococcus_aureus,2718780.0,1862550,1862560
694,ERR2984773,IDBA-UD,Staphylococcus_aureus,2718780.0,1899518,1900214
695,ERR2984773,IDBA-UD,Staphylococcus_aureus,2718780.0,1958462,1959272
696,ERR2984773,IDBA-UD,Staphylococcus_aureus,2718780.0,2035194,2035242
697,ERR2984773,IDBA-UD,Staphylococcus_aureus,2718780.0,2037450,2037567
698,ERR2984773,IDBA-UD,Staphylococcus_aureus,2718780.0,2087128,2093908
699,ERR2984773,IDBA-UD,Staphylococcus_aureus,2718780.0,2095930,2098732
700,ERR2984773,IDBA-UD,Staphylococcus_aureus,2718780.0,2106494,2106728
701,ERR2984773,IDBA-UD,Staphylococcus_aureus,2718780.0,2136663,2142408
702,ERR2984773,IDBA-UD,Staphylococcus_aureus,2718780.0,2183627,2184514
703,ERR2984773,IDBA-UD,Staphylococcus_aureus,2718780.0,2186153,2186306
704,ERR2984773,IDBA-UD,Staphylococcus_aureus,2718780.0,2194515,2195403
705,ERR2984773,IDBA-UD,Staphylococcus_aureus,2718780.0,2197462,2197533
706,ERR2984773,IDBA-UD,Staphylococcus_aureus,2718780.0,2200776,2200848
707,ERR2984773,IDBA-UD,Staphylococcus_aureus,2718780.0,2308059,2309525
708,ERR2984773,IDBA-UD,Staphylococcus_aureus,2718780.0,2336314,2336629
709,ERR2984773,IDBA-UD,Staphylococcus_aureus,2718780.0,2357796,2357862
710,ERR2984773,IDBA-UD,Staphylococcus_aureus,2718780.0,2466002,2466014
711,ERR2984773,IDBA-UD,Staphylococcus_aureus,2718780.0,2500815,2501261
712,ERR2984773,IDBA-UD,Staphylococcus_aureus,2718780.0,2531313,2531397
713,ERR2984773,IDBA-UD,Staphylococcus_aureus,2718780.0,2548048,2548229
714,ERR2984773,IDBA-UD,Staphylococcus_aureus,2718780.0,2556333,2556578
715,ERR2984773,IDBA-UD,Staphylococcus_aureus,2718780.0,2584414,2588853
716,ERR2984773,IDBA-UD,Staphylococcus_aureus,2718780.0,2620429,2620776
717,ERR2984773,IDBA-UD,Staphylococcus_aureus_plasmid1,6337.0,2104,3679
718,ERR2984773,IDBA-UD,Staphylococcus_aureus_plasmid3,2993.0,2017,2254
