[{"id":1,"assembler":"BCALM2","version":"2.2.3","container":"cimendes/bcalm:2.2.3-1","avgTime":"00:03:53","cpus":2.31,"max_rss":"6.7GB","avgRead":"10.2GB","avgWrite":"4.8GB"},{"id":2,"assembler":"MINIA","version":"3.2.6","container":"cimendes/minia:3.2.6-1","avgTime":"00:04:19","cpus":3.01,"max_rss":"6.6GB","avgRead":"11.0GB","avgWrite":"4.9GB"},{"id":3,"assembler":"METAHIPMER2","version":"2.0.0.65-gaad446d-dirty-AddGtest","container":"cimendes/mhm2:v2.0.0-65-gaad446d-generic","avgTime":"00:12:59","cpus":43.77,"max_rss":"60.4GB","avgRead":"5.7GB","avgWrite":"5.0GB"},{"id":4,"assembler":"SKESA","version":"2.5.0","container":"cimendes/skesa:2.5.0-1","avgTime":"00:13:13","cpus":8.35,"max_rss":"17.8GB","avgRead":"722MB","avgWrite":"29MB"},{"id":5,"assembler":"MEGAHIT","version":"1.2.9","container":"cimendes/megahit-assembler:1.2.9-1","avgTime":"00:17:52","cpus":13.46,"max_rss":"2.1GB","avgRead":"19.8GB","avgWrite":"8.1GB"},{"id":6,"assembler":"SPADES","version":"3.15.3","container":"cimendes/spades:3.15.3-1","avgTime":"00:57:14","cpus":28.85,"max_rss":"6.5GB","avgRead":"13.7GB","avgWrite":"53.6GB"},{"id":7,"assembler":"METASPADES","version":"3.15.3","container":"cimendes/spades:3.15.3-1","avgTime":"00:46:44","cpus":27.62,"max_rss":"6.2GB","avgRead":"14.9GB","avgWrite":"33.6GB"},{"id":8,"assembler":"IDBA","version":"","container":"cimendes/idba:1.1.3-1","avgTime":"00:31:55","cpus":25.32,"max_rss":"10.4GB","avgRead":"6.6GB","avgWrite":"3.4GB"},{"id":9,"assembler":"ABYSS","version":"2.0.1","container":"cimendes/abyss:2.3.1-1","avgTime":"08:11:37","cpus":264.07,"max_rss":"3.6GB","avgRead":"19.0GB","avgWrite":"15.1GB"},{"id":10,"assembler":"GATBMINIAPIPELINE","version":"","container":"cimendes/gatb-minia-pipeline:31.07.2020-1","avgTime":"01:03:34","cpus":73.21,"max_rss":"6.8GB","avgRead":"63.9GB","avgWrite":"21.2GB"},{"id":11,"assembler":"VELVETOPTIMISER","version":"2.2.6","container":"cimendes/velvetoptimiser:2.2.6-1","avgTime":"02:01:31","cpus":49.08,"max_rss":"31.9GB","avgRead":"246.2GB","avgWrite":"36.1GB"},{"id":12,"assembler":"UNICYCLER","version":"0.4.9","container":"cimendes/unicycler:0.4.9-1","avgTime":"11:26:43","cpus":113.16,"max_rss":"13.8GB","avgRead":"43.7GB","avgWrite":"310.4GB"}]